"Day","Plant A", "Plant B", "Plant C"
"Monday", 0.804771, 1.00156, 0.957384
"Tuesday", 0.658411, 1.00028, 1.02706
"Wednesday", 0.854903, 1.00362, 1.02683
"Thursday", 1.27286, 1.00453, 0.993178
"Friday", 0.909387, 1.00126, 0.983197
"Week Total", 0.900066, 1.00225, 0.99753
